<NotepadPlus>
    <UserLang name="BGScript" ext="bgs">
        <Settings>
            <Global caseIgnored="yes" escapeChar="" />
            <TreatAsSymbol comment="no" commentLine="yes" />
            <Prefix words1="no" words2="no" words3="no" words4="no" />
        </Settings>
        <KeywordLists>
            <Keywords name="Delimiters">&quot;00&quot;00</Keywords>
            <Keywords name="Folder+"></Keywords>
            <Keywords name="Folder-"></Keywords>
            <Keywords name="Operators">- ! &quot; $ &amp; ( ) * , / : \ ^ | + &lt; = &gt;</Keywords>
            <Keywords name="Comment">1 2 0#</Keywords>
            <Keywords name="Words1">event end if else then call while dim let sfloat float memcpy memcmp </Keywords>
            <Keywords name="Words2">system_reset system_hello system_address_get system_reg_write system_reg_read system_get_counters system_get_connections system_read_memory system_get_info system_endpoint_tx system_whitelist_append system_whitelist_remove system_whitelist_clear system_endpoint_rx system_endpoint_set_watermarks flash_ps_defrag flash_ps_dump flash_ps_erase_all flash_ps_save flash_ps_load flash_ps_erase flash_erase_page flash_write_words attributes_write attributes_read attributes_read_type attributes_user_read_response attributes_user_write_response connection_disconnect connection_get_rssi connection_update connection_version_update connection_channel_map_get connection_channel_map_set connection_features_get connection_get_status connection_raw_tx attclient_find_by_type_value attclient_read_by_group_type attclient_read_by_type attclient_find_information attclient_read_by_handle attclient_attribute_write attclient_write_command attclient_indicate_confirm attclient_read_long attclient_prepare_write attclient_execute_write attclient_read_multiple sm_encrypt_start sm_set_bondable_mode sm_delete_bonding sm_set_parameters sm_passkey_entry sm_get_bonds sm_set_oob_data gap_set_privacy_flags gap_set_mode gap_discover gap_connect_direct gap_end_procedure gap_connect_selective gap_set_filtering gap_set_scan_parameters gap_set_adv_parameters gap_set_adv_data gap_set_directed_connectable_mode hardware_io_port_config_irq hardware_set_soft_timer hardware_adc_read hardware_io_port_config_direction hardware_io_port_config_function hardware_io_port_config_pull hardware_io_port_write hardware_io_port_read hardware_spi_config hardware_spi_transfer hardware_i2c_read hardware_i2c_write hardware_set_txpower hardware_timer_comparator test_phy_tx test_phy_rx test_phy_end test_phy_reset test_get_channel_map test_debug dfu_reset dfu_flash_set_address dfu_flash_upload dfu_flash_upload_finish system_sync system_reset system_hello system_set_max_power_saving_state config_get_mac config_set_mac sme_wifi_on sme_wifi_off sme_power_on sme_start_scan sme_stop_scan sme_set_password sme_connect_bssid sme_connect_ssid sme_disconnect sme_set_scan_channels tcpip_start_tcp_server tcpip_tcp_connect tcpip_start_udp_server tcpip_udp_connect tcpip_configure tcpip_dns_configure tcpip_dns_gethostbyname endpoint_send endpoint_set_streaming endpoint_set_active endpoint_set_streaming_destination endpoint_close hardware_set_soft_timer hardware_external_interrupt_config hardware_change_notification_config hardware_change_notification_pullup hardware_io_port_config_direction hardware_io_port_config_open_drain hardware_io_port_write hardware_io_port_read hardware_output_compare hardware_adc_read flash_ps_defrag flash_ps_dump flash_ps_erase_all flash_ps_save flash_ps_load flash_ps_erase i2c_start_read i2c_start_write i2c_stop </Keywords>
            <Keywords name="Words3">system_boot system_debug system_endpoint_watermark_rx system_endpoint_watermark_tx system_script_failure system_no_license_key flash_ps_key attributes_value attributes_user_read_request attributes_status connection_status connection_version_ind connection_feature_ind connection_raw_rx connection_disconnected attclient_indicated attclient_procedure_completed attclient_group_found attclient_attribute_found attclient_find_information_found attclient_attribute_value attclient_read_multiple_response sm_smp_data sm_bonding_fail sm_passkey_display sm_passkey_request sm_bond_status gap_scan_response gap_mode_changed hardware_io_port_status hardware_soft_timer hardware_adc_result dfu_boot system_boot system_state system_sw_exception system_power_saving_state config_mac_address sme_wifi_is_on sme_wifi_is_off sme_scan_result sme_scan_result_drop sme_scanned sme_connected sme_disconnected sme_interface_status sme_connect_failed sme_connect_retry tcpip_configuration tcpip_dns_configuration tcpip_endpoint_status tcpip_dns_gethostbyname_result endpoint_syntax_error endpoint_data endpoint_status endpoint_closing hardware_soft_timer hardware_change_notification hardware_external_interrupt flash_ps_key </Keywords>
            <Keywords name="Words4">system_endpoint_api system_endpoint_test system_endpoint_script system_endpoint_usb system_endpoint_uart0 system_endpoint_uart1 attributes_attribute_change_reason_write_request attributes_attribute_change_reason_write_command attributes_attribute_change_reason_write_request_user attributes_attribute_status_flag_notify attributes_attribute_status_flag_indicate connection_connected connection_encrypted connection_completed connection_parameters_change attclient_attribute_value_type_read attclient_attribute_value_type_notify attclient_attribute_value_type_indicate attclient_attribute_value_type_read_by_type attclient_attribute_value_type_read_blob attclient_attribute_value_type_indicate_rsp_req sm_bonding_key_ltk sm_bonding_key_addr_public sm_bonding_key_addr_static sm_bonding_key_irk sm_bonding_key_edivrand sm_bonding_key_csrk sm_bonding_key_masterid sm_io_capability_displayonly sm_io_capability_displayyesno sm_io_capability_keyboardonly sm_io_capability_noinputnooutput sm_io_capability_keyboarddisplay gap_address_type_public gap_address_type_random gap_non_discoverable gap_limited_discoverable gap_general_discoverable gap_broadcast gap_user_data gap_non_connectable gap_directed_connectable gap_undirected_connectable gap_scannable_connectable gap_discover_limited gap_discover_generic gap_discover_observation gap_ad_type_none gap_ad_type_flags gap_ad_type_services_16bit_more gap_ad_type_services_16bit_all gap_ad_type_services_32bit_more gap_ad_type_services_32bit_all gap_ad_type_services_128bit_more gap_ad_type_services_128bit_all gap_ad_type_localname_short gap_ad_type_localname_complete gap_ad_type_txpower gap_adv_policy_all gap_adv_policy_whitelist_scan gap_adv_policy_whitelist_connect gap_adv_policy_whitelist_all gap_scan_policy_all gap_scan_policy_whitelist gap_scan_header_adv_ind gap_scan_header_adv_direct_ind gap_scan_header_adv_nonconn_ind gap_scan_header_scan_req gap_scan_header_scan_rsp gap_scan_header_connect_req gap_scan_header_adv_discover_ind gap_AD_FLAG_LIMITED_DISCOVERABLE gap_AD_FLAG_GENERAL_DISCOVERABLE gap_AD_FLAG_BREDR_NOT_SUPPORTED gap_AD_FLAG_SIMULTANEOUS_LEBREDR_CTRL gap_AD_FLAG_SIMULTANEOUS_LEBREDR_HOST gap_AD_FLAG_MASK system_idle system_powered system_connecting system_connected endpoint_free endpoint_uart endpoint_usb endpoint_tcp endpoint_tcp_server endpoint_udp endpoint_udp_server endpoint_script endpoint_wait_close endpoint_spi endpoint_i2c </Keywords>
        </KeywordLists>
        <Styles>
            <WordsStyle name="DEFAULT" styleID="11" fgColor="000000" bgColor="FFFFFF" fontName="" fontStyle="0" />
            <WordsStyle name="FOLDEROPEN" styleID="12" fgColor="FF0000" bgColor="FFFFFF" fontName="" fontStyle="0" />
            <WordsStyle name="FOLDERCLOSE" styleID="13" fgColor="FF0000" bgColor="FFFFFF" fontName="" fontStyle="0" />
            <WordsStyle name="KEYWORD1" styleID="5" fgColor="0000FF" bgColor="FFFFFF" fontName="" fontStyle="1" />
            <WordsStyle name="KEYWORD2" styleID="6" fgColor="660000" bgColor="FFFFCC" fontName="" fontStyle="1" />
            <WordsStyle name="KEYWORD3" styleID="7" fgColor="004400" bgColor="CCFFCC" fontName="" fontStyle="1" />
            <WordsStyle name="KEYWORD4" styleID="8" fgColor="FF0000" bgColor="FFFFFF" fontName="" fontStyle="1" />
            <WordsStyle name="COMMENT" styleID="1" fgColor="FF8000" bgColor="FFFFFF" fontName="" fontStyle="2" />
            <WordsStyle name="COMMENT LINE" styleID="2" fgColor="008000" bgColor="FFFFFF" fontName="" fontStyle="2" />
            <WordsStyle name="NUMBER" styleID="4" fgColor="FF8000" bgColor="FFFFFF" fontName="" fontStyle="1" />
            <WordsStyle name="OPERATOR" styleID="10" fgColor="000000" bgColor="FFFFFF" fontName="" fontStyle="0" />
            <WordsStyle name="DELIMINER1" styleID="14" fgColor="FF8000" bgColor="FFFFFF" fontName="" fontStyle="0" />
            <WordsStyle name="DELIMINER2" styleID="15" fgColor="00FF00" bgColor="FFFFFF" fontName="" fontStyle="0" />
            <WordsStyle name="DELIMINER3" styleID="16" fgColor="000000" bgColor="FFFFFF" fontName="" fontStyle="0" />
        </Styles>
    </UserLang>
</NotepadPlus>
