<?xml version="1.0" encoding="UTF-8" ?>
<configuration>

    <!-- 1800: org.bluetooth.service.generic_access -->
    <service uuid="1800" id="generic_access">
        <description>Generic Access</description>

        <!-- 2A00: org.bluetooth.characteristic.gap.device_name -->
        <characteristic uuid="2A00" id="c_device_name">
            <description>Device Name</description>
            <properties read="true" const="true" />
            <!-- It's a good idea to keep this <= 19 characters, for proper display on iOS -->
            <value>SF Mailbox Sensor</value>
        </characteristic>

        <!-- 2A01: org.bluetooth.characteristic.gap.appearance -->
        <characteristic uuid="2A01" id="c_appearance">
            <description>Appearance</description>
            <properties read="true" const="true" />
            <value type="hex">0100</value>
        </characteristic>
        
    </service>

    <!-- 180A: org.bluetooth.service.device_information -->
    <service uuid="180A" id="device_information">
        <description>Device Information</description>
    
        <!-- 2A29: org.bluetooth.characteristic.manufacturer_name_string -->
        <!-- (support for this characteristic is MANDATORY according to the profile spec) -->
        <characteristic uuid="2A29" id="c_manufacturer_name">
            <description>Manufacturer Name</description>
            <properties read="true" const="true" />
            <value>SectorFej</value>
        </characteristic>

        <!-- 2A24: org.bluetooth.characteristic.model_number_string -->
        <!-- (support for this characteristic is MANDATORY according to the profile spec) -->
        <characteristic uuid="2A24" id="c_model_number">
            <description>Model Number</description>
            <properties read="true" const="true" />
            <value>SF-MAILBOX-SENSOR</value>
        </characteristic>
        
    </service>

    <!-- 180F: org.bluetooth.service.battery_service -->
    <service uuid="180F" id="battery_service">
        <description>Battery Service</description>
        
        <!-- 2A19: org.bluetooth.characteristic.battery_level -->
        <characteristic uuid="2A19" id="c_battery_level">
            <description>Battery Level</description>
            <properties read="true" notify="true" />
            <value length="1" type="hex" />
            <!--
                Note that this is NOT a "const" value, so it must be set by BGScript, or
                else it will have an undefined value. This may seem counterintuitive, but
                it has to do with memory management on a very limited system.
            -->
        </characteristic>

    </service>
    
    <!-- custom time sync service -->
    <service uuid="64e9837d-ca48-48c4-bb71-323e5a85b51f" id="timesync_service">
        <description>Time Sync Service</description>
        
        <!-- custom time sync characteristic -->
        <characteristic uuid="51686b01-7b48-4675-891c-ddc7c4b36e66" id="c_timesync_reference">
            <description>Time Sync Reference</description>
            <properties read="true" write="true" indicate="true" notify="true" />
            <value length="4" type="hex" />
            <!--
                This will contain a 32-bit UNIX timestamp provided by the connecting client
                to provide a time reference, which we can use with a 1-sec timer to estimate
                the real time without an external RTC (since there is no internal one).
            -->
        </characteristic>

    </service>

    <!-- custom mailbox access service -->
    <service uuid="e4888211-50f0-412d-9c9a-75015eb26586" advertise="true">
        <description>Mailbox Access Service</description>
        
        <!-- custom mailbox access record characteristic -->
        <characteristic uuid="f74e34e2-2b9f-4441-b068-a4fb7bd78374" id="c_mailbox_record">
            <description>Mailbox Access Record</description>
            <properties read="true" notify="true" />
            <value length="8" />
        </characteristic>

        <!-- custom mailbox access record control characteristic -->
        <!-- (used for reading/clearing stored data) -->
        <characteristic uuid="9887b262-002b-4361-9f46-8e3df29cb082" id="c_mailbox_record_control">
            <description>Mailbox Access Record Control</description>
            <properties indicate="true" write="true" />
            <value length="4" />
        </characteristic>
        
    </service>

</configuration>
